index,related_feedbacks,content,children,cluster
0,['feedback_0'],"Les intérimaires manquent de rigueur en termes de ponctualité, de professionnalisme, et d'attention au détail, ce qui se traduit par des erreurs coûteuses et un comportement inapproprié au travail.",[],1
1,['feedback_0'],"Les candidats indiquent ne pas être informés concernant l'entreprise, son activité et les détails des postes avant l'entretien, créant un manque d'adéquation et de préparation.",[],1
2,['feedback_1'],Le client suggère la mise en place de contrôles de références pour les nouveaux intérimaires n'ayant jamais travaillé avec l'agence.,[],5
3,['feedback_1'],"Les intérimaires présentent des lacunes en termes de discipline au travail, impactant la qualité de leur performance et leur conformité aux processus.",[],1
4,['feedback_2'],Il est nécessaire d'améliorer l'exactitude des déclarations SI/SIR en fonction des expositions et risques associés à chaque poste de travail pour une meilleure traçabilité et un suivi efficace de la santé des intérimaires tout au long et après leur carrière.,[],1
5,['feedback_2'],"Le client apprécie le professionnalisme durant sa visite à Valence et suggère la création d'un service d'accompagnement RH proposant diverses tâches RH facturables à l'unité, similaire à ce qui est offert dans l'expertise comptable.",[],3
6,['feedback_3'],Les clients ressentent une insatisfaction lorsque les rendez-vous ne sont pas correctement organisés et lorsque les représentants de l'entreprise ne sont pas suffisamment informés ou expérimentés pour répondre au mieux à leurs besoins.,[],8
7,['feedback_3'],Les clients peuvent être insatisfaits lorsque Randstad refuse des services aux entreprises en procédure de sauvegarde.,[],4
8,['feedback_4'],Il y a une suggestion pour que Randstad adopte une politique de paiement d'avance pour travailler avec des entreprises en difficulté financière afin d'éviter de perdre des clients.,[],4
9,['feedback_4'],Il est nécessaire de communiquer efficacement aux candidats les détails de la mission et du poste plutôt qu'une simple liste de postes vacants.,[],2
10,['feedback_5'],"Il faut confirmer tous les détails des entretiens avec le candidat, y compris le lieu, l'heure et les interlocuteurs, pour éviter des annulations de dernière minute.",[],2
11,['feedback_5'],Les clients expriment un mécontentement général lié à la mauvaise gestion des rendez-vous et un manque de professionnalisme et de disponibilité du personnel de Randstad.,[],4
12,['feedback_6'],"Les contrats ne sont pas réalisés correctement, ce qui entraîne des désaccords et des incohérences.",[],1
13,['feedback_6'],"Des informations incorrectes sont communiquées aux intérimaires, comme la fourniture de repas non prévue.",[],1
14,['feedback_7'],Les clients souhaitent qu'un point téléphonique soit fait dès la commande pour confirmer la bonne compréhension du profil recherché et du contexte.,[],2
15,['feedback_7'],"Les clients demandent un suivi régulier de leur commande, incluant l'envoi de CV dans un délai spécifique ou des mises à jour sur les démarches engagées.",[],2
16,['feedback_8'],"Les clients et intérimaires expriment un besoin critique d'informations précises, de communication proactive et de suivis réguliers de la part de l'agence d'intérim.",[],1
17,['feedback_8'],"Les clients expriment un besoin urgent d'amélioration de la communication, de la précision dans les contrats et descriptions de profils, ainsi que d'un suivi proactif et réactif des missions.",[],2
18,['feedback_9'],"Les intérimaires peuvent exprimer de l'intérêt pour un poste tout en ne terminant pas leurs missions, créant de la confusion et des perturbations dans la planification.",[],1
19,['feedback_9'],"Il existe un problème de responsabilité et d'engagement des intérimaires, ainsi qu'une inadéquation fréquente entre les profils proposés et les attentes de l'entreprise, particulièrement marqué dans la région parisienne.",[],1
20,['feedback_10'],Il y a une demande pour l'unification des courriels afin de transmettre toutes les informations nécessaires relatives au démarrage de mission en une seule fois.,[],5
21,['feedback_10'],Les clients apprécient la participation de Randstad à des événements de convention partenariale en tant que représentant du secteur de l'emploi.,[],7
22,['feedback_11'],"Les clients réclament une communication cohérente, structurée et proactive de la part de Randstad, pour renforcer la collaboration et l'efficacité du processus de recrutement.",[],4
23,['feedback_11'],"Le processus de communication et de gestion des absences d'un intérimaire est défectueux, empêchant une intervention rapide et efficace pour proposer un remplacement.",[],1
24,['feedback_12'],"Les entreprises expriment des préoccupations concernant le niveau d'engagement, de compétence et l'adéquation des talents recommandés par Randstad à leurs attentes.",[],7
25,['feedback_12'],"Le client exprime une confusion liée au vocabulaire utilisé dans le système de notation, impliquant une difficulté à évaluer la qualité du service.",[],8
26,['feedback_13'],"Il y a une demande pour de nouveaux profils de candidats, à savoir des cuisiniers, des chefs et des magasiniers, pour un site en particulier.",[],5
27,['feedback_13'],Le client exprime une insatisfaction quant à l'incohérence des services Randstad entre différentes localités et souligne l'importance d'uniformiser les bonnes pratiques au niveau national.,[],4
28,['feedback_14'],"Les clients sont compréhensifs quant aux délais de satisfaction de leurs demandes urgentes, reconnaissant les contraintes de temps.",[],6
29,['feedback_14'],"L'expérience client avec l'accueil téléphonique est très positive, marquée par un service agréable, aimable et attentif.",[],3
30,['feedback_15'],"Les défaillances dans la communication touchent à la fois la gestion interne des absences et l'interaction avec les clients, nuisant à l'efficacité et à l'expérience client.",[],8
31,['feedback_15'],Les clients valorisent le professionnalisme de l'agence Randstad et la qualité de travail de la responsable.,[],7
32,['feedback_16'],Les clients demandent que les évaluations des intérimaires incluent systématiquement un nom afin de pouvoir identifier clairement la personne évaluée.,[],5
33,['feedback_16'],"Le client suggère la création d'une brochure ou présentation qui résume les domaines d'activités, les chiffres et les réalisations des dernières années de l'entreprise pour mettre en valeur la performance des équipes.",[],5
34,['feedback_17'],Les clients sont particulièrement satisfaits de la clarté des explications fournies lors des interventions.,[],6
35,['feedback_17'],"Les clients valorisent fortement les interactions personnelles, la clarté de la communication et la compréhension rapide de leurs besoins par Randstad.",[],7
36,['feedback_18'],"Il existe une demande pour plus de transparence et d'informations autour des frais, paiements et options de mutuelle disponibles.",[],2
37,['feedback_18'],"Les clients apprécient grandement le professionnalisme, la qualité d'écoute et l'excellence des interactions avec la conseillère de Randstad, reflétant un service client hautement satisfaisant.",[],7
38,['feedback_19'],Le client suggère d'inclure l'option de choisir entre recevoir des paniers repas ou la carte tickets restaurant.,[],5
39,['feedback_19'],"Les recommandations de Randstad ne correspondent pas toujours aux attentes du client en termes de motivation et de performance des intérimaires, nécessitant une révision du travail effectué.",[],1
40,['feedback_20'],Le client rencontre un problème de perte de temps et d'argent lié à la proposition d'un mécanicien incompétent qui ne répond pas à ses besoins de technicien.,[],8
41,['feedback_20'],Les clients souhaitent que les descriptions de poste précisent les conditions physiques nécessaires pour éviter des problèmes de santé tels que les douleurs dorsales pour les personnes de grande taille.,[],5
42,['feedback_21'],"Il est nécessaire de créer un document de liaison permettant de standardiser la communication des informations essentielles entre Randstad, le candidat et l'entreprise cliente.",[],4
43,['feedback_21'],Les clients ressentent une incapacité à travailler avec l'agence pour des recrutements urgents ou difficiles en raison de la structure de facturation non liée au succès.,[],8
44,['feedback_22'],"Il est nécessaire de garantir que les intérimaires respectent les règles de sécurité en arrivant équipés avec un gilet jaune, et étudier la possibilité que l'agence fournisse un gilet à chaque personnel intérim.",[],1
45,['feedback_22'],Les clients rencontrent des problèmes avec des consultants de Randstad qui se présentent pour des rendez-vous non sollicités et sans autorisation préalable.,[],4
46,['feedback_23'],"Le cuisinier intérimaire manque de communication et d'interaction avec les convives, ce qui pourrait impacter l'expérience des clients.",[],1
47,['feedback_23'],Les clients apprécient la mise en contact téléphonique entre le candidat et l'entreprise avant le début de la mission pour clarifier les détails et les attentes.,[],2
48,['feedback_24'],"Les clients souhaitent une meilleure structure de facturation liée aux résultats, avec davantage de transparence et d'informations sur les coûts et les options de mutuelle.",[],2
49,['feedback_24'],"Les clients sont insatisfaits de la durée des rencontres avec Randstad, les trouvant trop brèves par rapport aux agences d'intérim concurrentes.",[],4
50,['feedback_25'],Les problèmes de présentation et d'hygiène d'un intérimaire sont une source de mécontentement pour le client.,[],1
51,['feedback_25'],L'expérience négative rare d'un client fidèle soulève des questions quant à la sélection et l'évaluation des intérimaires.,[],1
52,['feedback_26'],"Les clients ressentent un manque de communication proactive et de suivi quotidien après avoir fait une demande de recrutement, ce qui leur donne une impression d’être oubliés.",[],8
53,['feedback_26'],"Le client exprime sa frustration face à l'inadéquation du niveau de compétence des profils proposés, soulignant le besoin de personnel confirmé et non débutant pour son restaurant.",[],5
54,['feedback_27'],Le client a exprimé une satisfaction particulière pour le contact en présentiel qui était intéressant et différent de l'échange téléphonique habituel.,[],3
55,['feedback_27'],Le client suggère une période d'essai de quelques heures pour les candidats afin de disposer d'un vivier plus important pour des événements importants ou imprévus.,[],5
56,['feedback_28'],Le client demande à bénéficier des services de Randstad sous un accord cadre LISI/Randstad sans avoir à verser un acompte initial pour le recrutement d'intérimaires.,[],4
57,['feedback_28'],"La collaboratrice est appréciée pour son engagement, son agréabilité et sa bienveillance.",[],3
58,['feedback_29'],Son esprit d'entraide est reconnu comme un élément positif.,[],3
59,['feedback_29'],Les clients nécessitent une meilleure adéquation des compétences des candidatures avec leurs besoins spécifiques et un processus de sélection plus affiné.,[],2
60,['feedback_30'],Elle a un souci de l'excellence dans le service client tout en respectant les processus établis.,[],6
61,['feedback_30'],"Les clients souhaitent que les candidatures envoyées soient strictement ciblées sur des ""ÉLECTRICIENS INDUSTRIELS"".",[],5
62,['feedback_31'],"Les clients demandent à ce que les candidatures incluent des informations personnelles telles que le nom de famille, le prénom, et le lieu d'habitation des candidats.",[],2
63,['feedback_31'],"Les clients rencontrent des difficultés à identifier les intérimaires en raison de descriptions inadéquates, empêchant une évaluation correcte.",[],1
64,['feedback_32'],Les clients valorisent la rapidité et la compétence des talents fournis par Randstad.,[],7
65,['feedback_32'],L'esprit d'entraide et l'engagement de la collaboratrice sont perçus positivement.,[],3
66,['feedback_33'],Les clients sont confrontés à des erreurs de placement de personnel dues à des malentendus sur le rôle spécifique recherché.,[],1
67,['feedback_33'],Les clients souffrent d'un manque de suivi et de réactivité concernant la confirmation et la gestion de missions critiques dans des délais courts.,[],8
68,['feedback_34'],Les clients apprécient les interactions brèves qui offrent également une opportunité de découvrir de nouvelles facettes de l'entreprise.,[],6
69,['feedback_34'],Les clients expriment le besoin que les consultants de l'entreprise se présentent de manière appropriée et engageante lors des visites.,[],5
70,['feedback_35'],Le client exprime une attente de concrétisation de la promesse de l'agence concernant la fourniture de personnel pour les marées.,[],5
71,['feedback_35'],Il existe une frustration liée au manque de coordination et de préavis avant les visites de la consultante en entreprise.,[],8
72,['feedback_36'],"Le client souhaite augmenter la fréquence et organiser de manière plus structurée les réunions avec les directeurs d'agence, incluant par exemple une visite annuelle de planification des besoins.",[],2
73,['feedback_36'],"Les clients demandent des interactions plus personnalisées et structurées, incluant une coordination améliorée et des rendez-vous planifiés pour les visites de consultants.",[],2
74,['feedback_37'],Le client demande une mise à jour des habilitations nécessaires avant le démarrage de la prestation.,[],5
75,['feedback_37'],Le client propose l'organisation de permanences mensuelles pour faciliter la rencontre entre l'agence et les candidats en fonction des missions et postes à pourvoir.,[],2
76,['feedback_38'],Il y a une demande de création d'un document support regroupant toutes les questions relatives au profil recherché pour éviter les compléments d'information par mail et la perte de temps associée.,[],2
77,['feedback_38'],Les clients de l'entreprise ressentent une perte de temps lorsqu'ils doivent fournir des compléments d'information par mail après avoir déjà fourni des éléments nécessaires au profil recherché.,[],2
78,['feedback_39'],"Le client a ressenti un manque d'écoute et d'engagement de la part de son interlocutrice, notant son hésitation et l'absence de questions ciblées.",[],8
79,['feedback_39'],"Les clients sont insatisfaits lorsque les informations relatives aux obligations des intérimaires, comme une visite médicale, ne sont pas communiquées à l'avance par l'entreprise.",[],1
80,['feedback_40'],Le client a apprécié le don de calendrier 2024 lors de l'entretien.,[],3
81,['feedback_40'],"Les clients veulent un processus de présélection plus structuré et informatif, incluant des documents complets et détaillés, pour optimiser le temps et l'efficacité du recrutement.",[],2
82,['feedback_41'],Il serait plus pratique d'ajouter un lien direct vers le site de Randstad dans les emails reçus pour simplifier la validation et la saisie des pointages.,[],4
83,['feedback_41'],Les clients constatent un manque d'espace pour accueillir les bénéficiaires en entretien.,[],8
84,['feedback_42'],"Les clients signalent un manque de personnel en agence, résultant en des interruptions pendant les entretiens à cause de la nécessité pour les consultants de répondre aux appels téléphoniques.",[],8
85,['feedback_42'],Il faut améliorer la communication avec les intérimaires en leur fournissant des informations pratiques telles que le numéro de téléphone des contacts sur site.,[],1
86,['feedback_43'],Le client souhaite recevoir les contrats des anciennes stagiaires avant leur arrivée.,[],5
87,['feedback_43'],"Le client évoque une expérience négative avec un représentant de l'entreprise, trouvant son comportement insultant, ce qui pourrait nuire à la réputation de l'entreprise et mener à des actions en justice.",[],8
88,['feedback_44'],"Le client indique qu'un point de douleur est le manque de concentration et de mémorisation des tâches de l'intérimaire, qui nuit à son efficacité le jour suivant.",[],1
89,['feedback_44'],"Les clients signalent un manque d'espace pour les entretiens et un manque de personnel en agence perturbant les entretiens, révélant des problèmes opérationnels dans la gestion des interactions client.",[],8
90,['feedback_45'],Le client suggère que l'intérimaire devrait anticiper la mise en place des tâches la veille pour être plus efficace.,[],5
91,['feedback_45'],La réactivité de l'agence et la correspondance du profil du candidat avec les besoins spécifiques du client sont hautement appréciées.,[],2
92,['feedback_46'],Le client est satisfait de la conformité de la mission et de l'intérimaire avec ses attentes.,[],3
93,['feedback_46'],"Le client reconnaît l'efficacité et le professionnalisme de l'intérimaire, suggérant même une anticipation des tâches pour une performance accrue.",[],3
94,['feedback_47'],Les clients éprouvent des difficultés à valider les missions terminées en raison de l'absence d'accès à la plateforme.,[],8
95,['feedback_47'],Le client éprouve de la frustration due à l'attente d'un retour concernant une demande de poste spécifique qui n'a pas encore été satisfaite.,[],8
96,['feedback_48'],Les clients reconnaissent la valeur des services de Randstad une fois le profil adéquat identifié et la mission remplie malgré des difficultés initiales de ciblage.,[],7
97,['feedback_48'],Les clients valorisent fortement la capacité de l'agence à répondre rapidement avec des candidats dont les compétences correspondent précisément à leurs exigences.,[],2
98,['feedback_49'],Le client apprécie particulièrement la qualité de l'écoute et l'excellence de l'échange lors de la visite de la conseillère de Randstad à leur entreprise.,[],7
99,['feedback_49'],Le client demande un retour plus détaillé sur des profils confirmés indépendamment de la demande directe auprès du service d'exploitation.,[],5
100,['feedback_50'],Le client est très satisfait de la conformité et de l'exécution des tâches de l'intérimaire en lien avec ses attentes.,[],3
101,['feedback_50'],Le client exprime une nouvelle demande pour une plus grande quantité de profils compétents similaires à celui apprécié.,[],5
102,['feedback_51'],Les clients expriment leur plaisir à interagir avec une équipe dynamique et professionnelle.,[],6
103,['feedback_51'],Le client a rencontré des difficultés pour affiner le profil recherché mais a finalement considéré l'expérience comme une réussite une fois le profil adéquat trouvé et la mission réalisée.,[],2
104,['feedback_52'],"Les clients désirent des évaluations plus poussées des intérimaires avant leur placement, y compris des feedbacks détaillés et des tests de compétences.",[],2
105,['feedback_52'],Un point de douleur est lié à l'impact significatif sur l'entreprise dû à un intérimaire incompétent et au retard important qui en résulte un travail non fini.,[],1
106,['feedback_53'],Le client demande un accroissement et une diversification des profils compétents pour répondre à des besoins spécifiques et urgents.,[],2
107,['feedback_53'],"Les clients sont impressionnés par le professionnalisme, la classe et l'élégance des jeunes conseillères de l'entreprise.",[],6
108,['feedback_54'],Le problème de ponctualité des intérimaires et de difficultés à trouver le chemin de l'entreprise est un point de frustration pour les clients.,[],1
109,['feedback_54'],Le client suggère que l'évaluation de son expérience soit reportée après plusieurs missions pour obtenir un retour plus pertinent.,[],5
110,['feedback_55'],"Les clients sont insatisfaits de la sélection des intérimaires, en lien avec les candidats se sentant mal informés sur les postes avant l'entretien, menant à une inadéquation profil/poste.",[],1
111,['feedback_55'],"Le client demande la création d'une fiche de poste formalisée pour le profil recherché, car il ne dispose pas de cette compétence en interne.",[],5
112,['feedback_56'],La clarté de la présentation est appréciée par les clients.,[],6
113,['feedback_56'],Une écoute jugée parfaite contribue positivement à l'expérience client.,[],6
114,['feedback_57'],Les réponses précises fournies aux stagiaires constituent un point fort du service.,[],3
115,['feedback_57'],"Les problèmes de ponctualité, d'engagement et de rotation du personnel chez les intérimaires génèrent des perturbations opérationnelles et de la frustration pour les clients.",[],1
116,['feedback_58'],Les clients souhaitent être prévenus et convenir d'un rendez-vous plutôt que de subir des rencontres forcées et inopinées.,[],0
117,['feedback_58'],La plateforme Randstad est perçue comme difficile à utiliser.,[],4
118,['feedback_59'],Les rapports sur les candidats sont jugés très utiles par les utilisateurs.,[],3
119,['feedback_59'],Les intérimaires doivent ajuster leur volume vocal lorsqu'ils travaillent en open space pour ne pas déranger leurs collègues.,[],1
120,['feedback_60'],La prestation de l'intervenant répond aux attentes.,[],3
121,['feedback_60'],La relation avec Randstad est jugée professionnelle.,[],7
122,['feedback_61'],Proposer des jeux de rôles pour former les candidats à la recherche d'emploi.,[],5
123,['feedback_61'],Les utilisateurs perçoivent les rapports sur les candidats comme très utiles et expriment une satisfaction initiale avec la qualité des missions intérimaires.,[],3
124,['feedback_62'],Fournir des modèles de CV et de lettres de motivation aux candidats.,[],5
125,['feedback_62'],Les clients ressentent que l'efficacité et l'adaptation comportementale des intérimaires aux conditions de travail sont insuffisantes.,[],1
126,['feedback_63'],Les clients sont satisfaits de la fluidité du processus de recrutement.,[],6
127,['feedback_63'],L'équipe est perçue comme réactive et flexible dans ses démarches.,[],3
128,['feedback_64'],L'agent en charge est apprécié pour son agréabilité et son professionnalisme.,[],3
129,['feedback_64'],"Les clients apprécient la mise en place d'un standard téléphonique chez Randstad, bien qu'ils comprennent que des problèmes d'accès puissent être dus au fournisseur de réseau.",[],4
130,['feedback_65'],Les clients expriment une satisfaction globale élevée quant à la qualité et au professionnalisme des talents fournis par Randstad.,[],7
131,['feedback_65'],Les horaires de début de mission n'ont pas été correctement communiqués à l'intérimaire.,[],1
132,['feedback_66'],"Le site internet est perçu comme peu intuitif, rendant l'expérience utilisateur compliquée.",[],8
133,['feedback_66'],"Les clients valorisent fortement la réactivité, l'écoute attentive et la compréhension rapide de leurs besoins par Randstad durant le processus de recrutement.",[],7
134,['feedback_67'],Les utilisateurs éprouvent des difficultés avec le processus de déclaration des heures qui n'est pas clair et suggèrent la possibilité de déclarer les heures au mois plutôt qu'à la semaine.,[],8
135,['feedback_67'],Les clients sont confrontés à un problème de non-respect des quantités commandées en termes de personnel.,[],8
136,['feedback_68'],"Les clients souhaitent une communication régulière sur les actions menées par l'agence, même en l'absence de candidats potentiels.",[],5
137,['feedback_68'],"Les interactions avec le public étudiant ont été très appréciées, avec des échanges considérés comme de grande qualité.",[],3
138,['feedback_69'],"Les clients de Randstad expriment une expérience utilisateur insatisfaisante avec la plateforme en ligne, soulignant son manque d'intuitivité et d'ergonomie, ainsi que la complexité de gestion documentaire.",[],4
139,['feedback_69'],Les clients demandent une simplification et une amélioration de l'accès et du processus de suivi des heures travaillées sur la plateforme Randstad.,[],4
140,['feedback_70'],"Les clients rencontrent des difficultés pour échanger les documents comme les contrats, les relevés d'heures et les factures sur la plateforme.",[],8
141,['feedback_70'],"Les candidats abandonnent leur poste après la première journée, indiquant un problème potentiel de motivation ou de sélection des candidats.",[],1
142,['feedback_71'],Le client propose l'intégration de prise en charge des journées de formation dans l'accord cadre.,[],5
143,['feedback_71'],"Le client souffre des problèmes de ponctualité des intérimaires qui impactent significativement les opérations, en particulier lorsque les équipes parcourent de longues distances.",[],1
144,['feedback_72'],"Les clients apprécient l'agrément et la serviabilité de l'équipe Randstad, ainsi que son professionnalisme.",[],7
145,['feedback_72'],"Les clients expriment leur mécontentement face à l'absence de retours ou de feedbacks, et à la non prise en compte de leurs demandes.",[],8
146,['feedback_73'],Le client suggère de réduire l'usage des questionnaires et favoriser des échanges en direct plus fréquents sur site.,[],5
147,['feedback_73'],Les clients sont satisfaits du professionnalisme des personnes rencontrées lors des entretiens.,[],6
148,['feedback_74'],Les clients expriment leur satisfaction quant à la compréhension rapide de leurs besoins de recrutement exprimés à Randstad.,[],7
149,['feedback_74'],"Les clients apprécient l'amabilité, le professionnalisme et la rapidité de Randstad pour trouver des candidats.",[],7
150,['feedback_75'],Les clients éprouvent de la frustration en raison de l'absence totale de candidatures et de communication après la signature d'une offre commerciale.,[],8
151,['feedback_75'],"Les clients sont satisfaits de la réactivité de Randstad en répondant toujours en temps et en heure, peu importe l'agence contactée.",[],7
152,['feedback_76'],"Les clients désirent des interactions personnelles plus directes et accessibles, avec une communication simplifiée grâce à un point de contact dédié et des services continuellement disponibles.",[],2
153,['feedback_76'],"Le client a eu une expérience positive lors d'une matinée de rencontre avec les candidats, soulignant une belle coopération.",[],3
154,['feedback_77'],"Les intérimaires semblent avoir des problèmes de distraction due à l'usage excessif des téléphones portables, ce qui nuit à leur implication et à leur performance au travail.",[],1
155,['feedback_77'],Le client souhaite recevoir davantage de propositions de profils pour le poste de porteur funéraire.,[],5
156,['feedback_78'],"Le client apprécie la qualité du service global, le trouvant très bien et agréable.",[],3
157,['feedback_78'],"Le client exprime un mécontentement vis-à-vis de l'organisation des rendez-vous, les trouvant problématiques lorsqu'ils sont planifiés simultanément.",[],0
158,['feedback_79'],"Les clients expriment des préoccupations concernant l'efficacité du personnel intérimaire, qui semble prendre trop de temps pour accomplir peu de travail.",[],1
159,['feedback_79'],Les clients rencontrent le problème d'un changement d'intérimaire sans être prévenus au préalable par téléphone ou par e-mail.,[],1
160,['feedback_80'],Le client exprime un problème dû à un nombre insuffisant de candidatures reçues malgré une bonne compréhension de la demande.,[],8
161,['feedback_80'],Le client exprime le besoin de disposer de cartes de visite en format papier pour pallier l'absence de téléphone portable professionnel.,[],5
162,['feedback_81'],Le client souhaite recevoir des informations sur les possibilités d'intégrer des intérimaires et demande un suivi assuré par l'entreprise.,[],5
163,['feedback_81'],Il est suggéré de créer un système de rappel pour l'enregistrement des heures des intérimaires.,[],5
164,['feedback_82'],La présence du personnel de l'agence de Molsheim est un aspect particulièrement positif pour les clients.,[],6
165,['feedback_82'],Le client est globalement satisfait de l'intégration des intérimaires et souhaite à la fois recevoir des informations sur de futures missions et bénéficier d'un suivi continu de la part de Randstad.,[],4
166,['feedback_83'],Les clients estiment que les services sont trop chers par rapport à la concurrence sans offrir de valeur ajoutée supplémentaire.,[],8
167,['feedback_83'],Les clients sont reconnaissants pour la rapidité de la prise de rendez-vous.,[],6
168,['feedback_84'],Les clients sont satisfaits de la pertinence de la proposition qui leur a été faite.,[],6
169,['feedback_84'],"Les clients valorisent l'écoute et la réactivité des conseillers Randstad, ainsi que leur capacité à comprendre rapidement les besoins des clients.",[],7
170,['feedback_85'],Les clients sont satisfaits de l'intérimaire proposé et de la collaboration avec Randstad en général.,[],7
171,['feedback_85'],Il y a un taux de roulement élevé parmi les conseillers qui doit être réduit.,[],5
172,['feedback_86'],Les clients demandent au moins deux visites annuelles sur leur site de la part des conseillers.,[],5
173,['feedback_86'],Le client propose la prise de rendez-vous préalable plutôt que de pratiquer le porte-à-porte pour interagir avec eux.,[],0
174,['feedback_87'],Le client a renvoyé une serveuse pour non-respect de la tenue réglementaire et parce qu'elle ne semblait pas avoir les compétences requises pour le poste.,[],8
175,['feedback_87'],Les clients apprécient les rencontres personnelles pour discuter des progrès en matière de recrutement.,[],6
176,['feedback_88'],Les clients sont contrariés par des visites non sollicitées et sans rendez-vous fixé à l'avance par les consultants.,[],8
177,['feedback_88'],Les clients apprécient l'excellente qualité de service et l'écoute dont fait preuve l'équipe.,[],6
178,['feedback_89'],Nos clients apprécient la gestion attentive et la compréhension approfondie de leurs dossiers par nos employés.,[],6
179,['feedback_89'],Les clients sont satisfaits de la réactivité de Randstad pour la mise en place des missions.,[],7
180,['feedback_90'],Les clients apprécient la communication efficace lors du processus de recrutement.,[],6
181,['feedback_90'],Les clients expriment une haute satisfaction sans avoir de suggestions d'amélioration à proposer.,[],6
182,['feedback_91'],"Les clients trouvent les échanges avec Randstad toujours agréables, même lorsqu'ils n'ont pas de besoins en recrutement immédiats.",[],7
183,['feedback_91'],Les clients expriment un problème lié à l'absence de candidatures reçues pour leurs demandes de postes.,[],8
184,['feedback_92'],Les clients souhaitent la mise en place de rendez-vous programmés en amont pour garantir des échanges plus approfondis.,[],0
185,['feedback_92'],Les clients sont mécontents lorsque les mails de satisfaction sont envoyés trop tôt le matin.,[],8
186,['feedback_93'],Le client suggère de communiquer les offres avant le forum pour une visibilité accrue.,[],5
187,['feedback_93'],Les clients apprécient les très bons échanges qu'ils ont avec Randstad.,[],7
188,['feedback_94'],Les clients sont satisfaits de la grande disponibilité de Randstad.,[],7
189,['feedback_94'],Les clients sont insatisfaits à cause du manque de communication proactive et de la réactivité insuffisante de l'entreprise.,[],8
190,['feedback_95'],Les clients désirent que les intérimaires proposés soient intéressés par des engagements à long terme.,[],5
191,['feedback_95'],Le client suggère la création d'un questionnaire d'évaluation pour le personnel intérimaire.,[],5
192,['feedback_96'],Le client trouve que le système de facturation hebdomadaire est complexe et pénible à gérer.,[],8
193,['feedback_96'],Les clients expriment une très bonne impression du contact avec la personne en charge de leur dossier chez Randstad.,[],7
194,['feedback_97'],Le client suggère une amélioration dans la gestion des contrats et des processus de facturation.,[],5
195,['feedback_97'],Le client suggère l'organisation de nouveaux événements permettant les échanges entre pairs.,[],5
196,['feedback_98'],"Le client souhaite une formation aux métiers du BTP, incluant les aspects conventionnels et organisationnels.",[],5
197,['feedback_98'],Les clients demandent à recevoir des informations sur les actions menées pour le recrutement à un poste donné.,[],5
198,['feedback_99'],"Les clients de Randstad trouvent le suivi administratif, incluant la facturation hebdomadaire et la validation des missions, complexe et fastidieux.",[],4
199,['feedback_99'],Les clients sont satisfaits de la qualité de l'intervention des consultants.,[],6
200,['feedback_100'],Les intérimaires interrompent les contrats sans respecter le délai de prévenance requis.,[],1
201,['feedback_100'],Le client était satisfait que le rendez-vous ait répondu à ses attentes.,[],3
202,['feedback_101'],"Les clients apprécient la pertinence, convivialité et le professionnalisme de l'entreprise.",[],6
203,['feedback_101'],"Le client recherche des services de formation, y compris la prise en charge des journées, pour améliorer les compétences dans le BTP.",[],2
204,['feedback_102'],Les clients attendent une évaluation plus approfondie des compétences et attentes des candidats dès le début du processus de recrutement.,[],2
205,['feedback_102'],Le client demande à organiser une visite sur le lieu de travail et un entretien avec le travailleur actuel pour mieux évaluer l'adéquation des futurs talents.,[],5
206,['feedback_103'],Le client propose de prendre rendez-vous pour assurer une plus grande disponibilité.,[],0
207,['feedback_103'],Le client souhaite qu'un intérimaire soit embauché de manière permanente à temps plein.,[],5
208,['feedback_104'],L'équipe d'X est reconnue pour être au top et à l'écoute des entreprises.,[],6
209,['feedback_104'],Le client apprécie la qualité professionnelle de l’échange concernant les besoins et offres.,[],6
210,['feedback_105'],"Les clients désirent des méthodes d'évaluation améliorées, avec des essais pratiques et des vérifications préalables des compétences, pour assurer la qualité des talents.",[],2
211,['feedback_105'],Le client souhaite avoir un choix plus large de profils dans le secteur de la restauration.,[],5
212,['feedback_106'],La qualité et l'excellence de la conseillère ont été fortement appréciées par le client.,[],6
213,['feedback_106'],Le client exprime le désir d'embaucher des intérimaires sur des positions permanentes à temps plein et souhaite que les profils proposés s'intéressent à des engagements à long terme.,[],5
214,['feedback_107'],Le client souhaite une meilleure communication concernant le recrutement en CDI pour les cadres.,[],5
215,['feedback_107'],Le client apprécie la connaissance approfondie de ses attentes par l'entreprise.,[],6
216,['feedback_108'],Les responsables ou commerciaux sont perçus comme très efficaces.,[],6
217,['feedback_108'],Le client a vécu une première interaction positive en faisant connaissance avec l'organisation.,[],3
218,['feedback_109'],Les clients éprouvent des difficultés lorsque les intérimaires ne se présentent pas pour prendre leur poste.,[],1
219,['feedback_109'],Les clients sont insatisfaits en raison de l'absence de communication et de retours après avoir fait une demande de service.,[],8
220,['feedback_110'],Les clients trouvent le site internet de Randstad peu ergonomique et pensent qu'il nécessite des améliorations.,[],4
221,['feedback_110'],Les clients expriment des retards dans la gestion des contrats et les paiements des salaires des intérimaires.,[],1
222,['feedback_111'],"Les clients expriment des difficultés opérationnelles et de la frustration en raison de l'absence ou du manque de professionnalisme des intérimaires, incluant des problèmes de présentation, d'hygiène et de non-présentation.",[],1
223,['feedback_111'],Le client suggère de prendre contact avec les entreprises pour programmer des rendez-vous.,[],0
224,['feedback_112'],Les clients sont insatisfaits car leurs demandes ne sont pas respectées.,[],8
225,['feedback_112'],Les clients sont préoccupés par des problèmes de confidentialité.,[],8
226,['feedback_113'],Les clients apprécient la réactivité de Randstad face à leurs demandes.,[],7
227,['feedback_113'],Les intérimaires nécessitent une formation ou des instructions supplémentaires pour correctement remplir les feuilles d'heure.,[],1
228,['feedback_114'],Les clients apprécient l'accueil professionnel répondant à leurs attentes.,[],6
229,['feedback_114'],Les clients expriment des difficultés dues à l'absence de coordonnées fournies pour les candidats.,[],8
230,['feedback_115'],Les clients éprouvent un désagrément lorsque les visites attendues de la part des collaborateurs de l'entreprise n'ont pas lieu.,[],8
231,['feedback_115'],Le client exprime sa satisfaction envers l'efficacité de l'agence de Sète.,[],6
232,['feedback_116'],Les clients signalent que les intérimaires ne complètent pas leur mission dans son intégralité.,[],1
233,['feedback_116'],Les clients expriment un point de douleur lié à l'incapacité de l'agence à fournir des intérimaires disponibles pour des missions.,[],1
234,['feedback_117'],Les clients souhaitent recevoir moins d'emails pour accéder au portail Randstad.,[],4
235,['feedback_117'],Les clients apprécient l'agrément et le professionnalisme des intérimaires fournis par Randstad.,[],7
236,['feedback_118'],Le client suggère d'évaluer le niveau des intérimaires à travers un test de compétences avant leur embauche.,[],5
237,['feedback_118'],Les clients sont frustrés par la nécessité de prendre rendez-vous pour recevoir un service.,[],0
238,['feedback_119'],Le client exprime le besoin de rencontrer les candidats en personne plutôt qu'en visioconférence.,[],5
239,['feedback_119'],Les clients valorisent fortement le professionnalisme et la personnalité positive des talents mis à disposition par Randstad.,[],7
240,['feedback_120'],Les clients éprouvent une frustration due à l'absence de nouvelles ou de suivi sur plusieurs jours.,[],8
241,['feedback_120'],Les clients apprécient la compétence des effectifs fournis par Randstad.,[],7
242,['feedback_121'],Les clients suggèrent la mise en place d'un service disponible 24 heures sur 24 chez Randstad.,[],4
243,['feedback_121'],Les clients sont satisfaits de la réactivité de l'entreprise face à leurs demandes.,[],6
244,['feedback_122'],Le client souhaite recevoir plus de candidatures spontanées.,[],5
245,['feedback_122'],Le client suggère que la communication se fasse par appel téléphonique plutôt que par email.,[],5
246,['feedback_123'],Les clients sont contrariés par la nécessité de prendre rendez-vous pour recevoir un service.,[],0
247,['feedback_123'],Le client demande que la liste des intérimaires soit fournie plus tôt.,[],5
248,['feedback_124'],Les clients apprécient la présence attentive de Randstad sans qu'elle soit envahissante.,[],7
249,['feedback_124'],Le client suggère de mettre en place des vérifications des compétences des candidats avant de les proposer pour des missions.,[],5
250,['feedback_125'],La satisfaction à l'égard du travail réalisé par l'intérimaire est un point positif.,[],3
251,['feedback_125'],Les clients sont satisfaits du travail effectué par les intérimaires.,[],6
252,['feedback_126'],Le client valorise la préparation du rendez-vous et la pertinence des conseils reçus.,[],6
253,['feedback_126'],Le client souhaite que les rendez-vous soient planifiés à l'avance avant toute visite.,[],0
254,['feedback_127'],Les clients reconnaissent et valorisent l'efficacité et la qualité du travail fourni par les intérimaires de Randstad.,[],7
255,['feedback_127'],Les clients apprécient la réactivité de l'entreprise en réponse à leurs demandes.,[],6
256,['feedback_128'],Le client souligne un besoin d'amélioration dans le processus de sélection avec un criblage plus rigoureux des candidats proposés.,[],2
257,['feedback_128'],Le client apprécie le professionnalisme et l'écoute active de l'entreprise.,[],6
258,['feedback_129'],"Les clients valorisent le professionnalisme et souhaitent des services RH modulaires et planifiés, y compris un système de prise de rendez-vous.",[],2
259,['feedback_129'],Le client souhaite se voir présenter un plus grand nombre de profils de candidats.,[],5
260,['feedback_130'],Le client suggère d'avoir un interlocuteur unique par entreprise pour simplifier la communication.,[],5
261,['feedback_130'],Les clients apprécient la réactivité et l'écoute de Randstad.,[],7
262,['feedback_131'],Les clients expriment le besoin de recevoir des CV qui correspondent aux profils recherchés.,[],5
263,['feedback_131'],Les clients apprécient que leurs demandes soient bien prises en compte.,[],6
264,['feedback_132'],Les clients ressentent un manque de connaissance du domaine d'activité lors de la mise à disposition des intérimaires.,[],1
265,['feedback_132'],Les clients apprécient la réactivité et l'efficacité du personnel proposé par Randstad.,[],7
266,['feedback_133'],Le client exprime le besoin d'intérimaires avec une connaissance spécifique du métier concerné.,[],5
267,['feedback_133'],Les clients ressentent de la frustration en raison de l'absence de retour suite à leur demande.,[],8
268,['feedback_134'],Les clients souhaitent que les intérimaires possèdent une expertise préalable dans leur domaine d'activité spécifique.,[],5
269,['feedback_134'],Le client a apprécié la personnalité agréable et le volontarisme de l'intérimaire.,[],3
270,['feedback_135'],Les clients sont satisfaits des visites dans le cadre des démarches commerciales.,[],6
271,['feedback_135'],Les clients apprécient la qualité actuelle des services offerts par l'entreprise.,[],6
272,['feedback_136'],Le client a apprécié le contact avec une personne spécifique mentionnée par son initiale.,[],3
273,['feedback_136'],Les clients demandent à ne pas avoir de frais pour la mutuelle.,[],8
274,['feedback_137'],Les clients apprécient l'efficacité du service.,[],6
275,['feedback_137'],Les clients expriment leur frustration face à l'incapacité de trouver des candidats correspondant à leurs besoins.,[],8
276,['feedback_138'],Le client exprime un besoin de communication accrue.,[],5
277,['feedback_138'],"Les clients estiment que les services de Randstad, y compris les frais de mutuelle, sont perçus comme trop chers comparativement à la concurrence.",[],4
278,['feedback_139'],Les clients expriment un problème d'absence de propositions d'offres et de suivi avec des rappels.,[],8
279,['feedback_139'],Les clients apprécient la réactivité de l'agence.,[],6
280,['feedback_140'],Les clients souhaitent une simplification de l'accès au site de Randstad.,[],4
281,['feedback_140'],Les clients apprécient les rendez-vous organisés.,[],6
282,['feedback_141'],Les clients sont très satisfaits de l'accueil et du suivi proposés par l'entreprise.,[],6
283,['feedback_141'],Le client suggère que les tenues fournies aux intérimaires soient neuves.,[],5
284,['feedback_142'],Les clients expriment le besoin d'être prévenus avant la venue des consultants de Randstad.,[],4
285,['feedback_142'],"Le client indique ne pas avoir reçu de visite, suggérant potentiellement un manque de suivi ou d'interaction personnalisée attendue dans le service.",[],8
286,['feedback_143'],Les clients expriment une satisfaction constante et élevée avec les services fournis.,[],6
287,['feedback_143'],Les clients expriment une grande satisfaction vis-à-vis de l'accompagnement offert par Randstad.,[],7
288,['feedback_144'],Il existe un besoin d'améliorer la précision du ciblage des profils proposés aux clients.,[],5
289,['feedback_144'],Les clients considèrent que les services sont parfaits.,[],6
290,['feedback_145'],Le client exprime le besoin d'un processus de prise de rendez-vous structuré.,[],0
291,['feedback_145'],Le client suggère la mise en place d'un système de prise de rendez-vous préalable.,[],0
292,['feedback_146'],Le client demande une augmentation de la réactivité de la part de l'entreprise.,[],5
293,['feedback_146'],Il est suggéré de mettre en place un service disponible 24 heures sur 24.,[],0
294,['feedback_147'],Les clients sont très satisfaits de la qualité des intérimaires proposés par Randstad.,[],7
295,['feedback_147'],"Le client a exprimé une satisfaction générale en déclarant que son expérience s'est ""très bien passée"".",[],3
296,['feedback_148'],Le client apprécie le professionnalisme de l'entreprise.,[],6
