,related_feedbacks,content,children
0,"[1, 7, 35, 70, 6, 21, 65, 86]",Enhanced Staff Service Quality,"[0, 6]"
1,"[18, 27, 28, 46, 62, 99, 21, 23, 44, 52]",Improved Customer Satisfaction,"[1, 15]"
2,"[2, 20, 22, 55, 60, 68, 0, 37, 51]",Tailored Offerings for Specific Segments,"[2, 19]"
3,"[20, 47, 49, 75, 6, 7, 59, 69, 15, 23, 58, 81, 94, 97, 97, 0, 19, 31, 34, 37, 39, 43, 47, 54, 71, 74, 77, 79, 80, 83, 83, 96, 35, 59, 80]",Streamlined Store Operations,"[3, 5, 16, 20, 23]"
4,"[2, 11, 17, 23, 23, 37, 41, 45, 70, 85, 85, 5, 23, 56, 88, 95, 16, 36, 72]",Optimized Logistics and Customer Service,"[4, 17, 22]"
5,"[4, 50]",Parking and Accessibility Solutions,[7]
6,"[41, 59, 69, 79, 93]",Effective Communication with Professional Clients,[8]
7,"[38, 61, 63, 66, 82, 82, 6, 7, 16, 42, 51, 75, 92, 0, 2, 2, 17, 17, 21, 30, 33, 53, 68, 73, 90, 98, 12, 16, 21, 40, 91, 25, 64]",Competitive Pricing and Special Offers,"[9, 10, 11, 13, 18]"
8,"[2, 10, 13, 37, 48, 67, 68, 84]",Consistent Pricing and Promotion Management,[12]
9,"[3, 14, 20, 27, 51, 57, 61, 69, 87, 89, 96, 0, 19, 31, 34, 37, 39, 43, 47, 54, 71, 74, 77, 79, 80, 83, 83, 96]",Product Availability and Stock Management,"[14, 20]"
10,"[16, 34]",Quality Assurance of Products,[21]
