,Comment,Sentiment,Insights,children
0,"Trop de ruptures , de produits arr√™t√©s du jour au lendemain trop de produits au prix grand public supermarch√© voir m√™me plus cher, trop de produits non r√©f√©renc√©s chez m√©tro notamment en produits d identit√© r√©gionale qui ont √©t√© arr√™t√© par ( acheteurs Parisiens )",N√©gatif,"['0', '1', '2']",[]
1,Je n'ai pas grand chose √† dire sur les prix par contre j'en aurais beaucoup √† dire sur le personnel c'est pour cela que de 2000‚Ç¨ d'achats par mois je vais sacr√©ment r√©duire voir ne rien vous prendre,N√©gatif,['3'],[]
2,"Metro augmente ses prix √† vu deuil, pour la livraison c‚Äôest du grand n‚Äôimporte quoi. Exemple un fardeau de coca 0,18 ‚Ç¨ plus cher par canette que dans le magasin fois 40 fardeau imaginer le prix c‚Äôest du n‚Äôimporte quoi. C‚Äôest du foutage de gueule, un capable de faire un prix bloqu√© pour des petits commer√ßants, seulement √† partir de 150 000 ‚Ç¨ d‚Äôachat du grand n‚Äôimporte quoi, du coup m√©tro pr√™t 70 % de mon chiffre d‚Äô affaires achat par rapport √† l‚Äô an dernier , et ce n‚Äôest pas fini car je ne peux pas accepter une telle incoh√©rence et un tel vol organiser de la part de Directeur de Metro ..",N√©gatif,"['4', '5', '6', '7']",[]
3,"Rupture de produit tout type de produit 
 ( sirop de citron????) vin escargots foie gras en hiver 22 alors que j‚Äôai pu acheter 35kg ailleurs",N√©gatif,"['8', '9']",[]
4,"Gros soucis du c√¥t√© stationnement pour les v√©hicules frigorifique 
 √áa fait plusieurs fois que je dois stationner sur le grand parking non couvert suite au v√©hicules l√©gers (voitures)qui stationne sur les emplacements non attribu√©",N√©gatif,['10'],[]
5,"RAS, nous sommes satisfaits de vos produits et de vos tarifs, c'est pour cette raison que nous faisons 80km pour pouvoir acheter chez vous",Positif,['11'],[]
6,"A la boucherie trop de produits sans prix.
 Souvent une diff√©rence en notre d√©faveur entre les prix affich√©s et les prix sur la facture. 
 Trop de bordel dans les rayons... pas de places pour circuler. 
 Souvent les attentes en caisse sont beaucoup trop longues.",N√©gatif,"['12', '13', '14', '15']",[]
7,"Mauvaise affichage des promotions et mauvaises affichage acheter payer ou style 3+1. Magasin de Strasbourg vieillissant et pas tr√®s propre et pire les toilettes, surtout dans le frais souvent encombr√©s de palette et difficile d‚Äôacc√®s dans les rayons. Collaborateurs moyennement cordiaux.",N√©gatif,"['16', '17', '18', '19']",[]
8,Sur m√©tro Nantes exemple trop de produits disparaissent,N√©gatif,['20'],[]
9,"afficher les prix des produits, au rayon fruits et legumes c'est catastrophique du coup souvent je prends rien! surgel√©s pas toujours √† jour au niveau des prix et encore aujourd'hui au rayon √©picerie.....GRRRRRR",N√©gatif,"['21', '22', '23']",[]
10,Pas assez de promotions . Pas de n√©gociation sur les prix,N√©gatif,['24'],[]
11,Manque les livraisons pour la Farine avec des livraisons de trois palettes ainsi que des farines sp√©ciales et des prix int√©ressants en livraison merci d y penser,N√©gatif,['25'],[]
12,"Je suis satisfaite de m√©tro 
 Maintenant c est vrai que les prix sont chers mais c est partout pareil 
 Maintenant une baisse des prix serait bien",Neutre,['26'],[]
13,Il faudrait que l'on puisse trouver les prix dans les rayons,N√©gatif,['27'],[]
14,Faire vraiment attention aux ruptures de stock ! Cela peut faire basculer d√©finitivement vers d‚Äôautres fournisseurs !,N√©gatif,['28'],[]
15,"Je suis venu acheter aujourd‚Äôhui, ma carte bleue ne me permettait pas de r√©gler mes achats. J ai demand√© si je pouvais r√©gler √† distance avec la CB d un ami, √† distance. On m‚Äôa dit que cela ne faisait plus. C‚Äôest dommage.",N√©gatif,['29'],[]
16,Depuis quelques mois les promotions indique en rayon ne son pas respect√© √† la caisse et l h√¥tesse de caisse vous dit allez prendre une photo du prix et ont s aper√ßois une fois sorti et je n ai pas le temps √† perdre sur 1mois 100 euro en plus d√®s promo en plus de dates courte en boucherie vous √™tes les seules Fr√©jus et Metz et Italie toujours des doc encore ce matin un chariot plein ont dit c pour la banque alimentaire mais certaine personnes b√©n√©ficie des doc d√©sol√© mais pas normal,N√©gatif,"['30', '31', '32', '33']",[]
17,"d√©√ßu de m√©tro qui √©tait attractif avant ,mais 50 centimes de diff√©rence au kilos de sucre ou 20 euros sur une caisse d'oeufs
 et les m√™mes framboises moins ch√®res a lidl ,pas avis de me faire la route pour y aller ou de me faire livr√©",N√©gatif,"['34', '35']",[]
18,"j'aime bien m√©tro, je gagne du temps etc...",Positif,['36'],[]
19,Il manque des stocks toujours,N√©gatif,['37'],[]
20,"Beaucoup de produits ont √©t√© enlev√©s: EXEMPLES/ oeufs blancs, liptonic, ice tea citron, panach√©, ketchup avec le K, hareng fjord king, Vodka B√©luga, coulis caramel sans aromes (vous avez vahin√© mais au chaudron donc pas bon pour le cacher), Si vous voulez me rencontrer pour am√©liorer vos client√®le qui font du cacher, je suis √† votre disposition.",N√©gatif,['38'],[]
21,"La carte r√©flex ne r√©compense pas assez, le cours de la farine a chut√©, mais pas chez M√©tro, l'huile d'olive doubl√©, les bo√Ætes √† pizza ont pris 77% et dont de moins bonne qualit√©, etc ...",N√©gatif,"['39', '40', '41']",[]
22,Des produits plus adapt√©s √† la collectivit√©,Neutre,['42'],[]
23,"Vraisemblablement vous avez choisi de ne plus livrer vos clients cet √©t√©: impossible de choisir son jour de livraison, minimum de commande tr√®s √©lev√© pour √™tre livr√©, certains produits ne peuvent √™tre livr√©s et en plus maintenant le prix des boissons a explos√©: sprite 24x33cl 11‚Ç¨76 en mag qui passe a 16‚Ç¨12 en livraison. Si l'on ajoute a cela une d√©sorganisation chronique de votre entrep√¥t de La Rochelle....",N√©gatif,"['43', '44', '45']",[]
24,Non,Neutre,[],[]
25,Des r√©ductions imm√©diate c'est plus int√©ressant que en lot.,Positif,['46'],[]
26,ras,Neutre,[],[]
27,beaucoup de ruptures les all√©es sont ferm√©es avec des rubalises est ont ne pas acc√©der dans les rayons il y‚Äôa une seule raison pour que je vienne √† m√©tro c l‚Äôouverture √† 5 h,N√©gatif,"['47', '48', '49']",[]
28,Bravo continuez comme √ßa tres bonne √©quipe cordialement,Positif,['50'],[]
29,Aucun,Neutre,[],[]
30,Que les prix baisse car vous √™tes les plus ch√®re par rapport au autre,N√©gatif,['51'],[]
31,Gros probl√®me sur les livraisons avec les ruptures non avertis ou des produits a dlc 1 jours apr√®s la livraison : INACCEPTABLE,N√©gatif,['52'],[]
32,?,Neutre,[],[]
33,Vos prix ne cesse pas de augmenter et sont cette augmenter n'est pas justifier.,N√©gatif,['53'],[]
34,"C'est pas en soit seulement le prix, mais surtout les ruptures qui sont beaucoup trop fr√©quentes. Allez deux fois dans la semaine pour ne pas avoir un produit c.c'est vraiment lamentable. Les rayons fruits et l√©gumes s'approvisse de semaine en semaine .
 Je suis une tr√®s petite structure, je ne peux acheter des grandes quantit√©s.",N√©gatif,"['54', '55']",[]
35,Entrep√¥t sale personnel ex√©crable,N√©gatif,"['56', '57']",[]
36,Prendre note de nos remarques et v√©rifier les prix il n'est pas rare de se faire servir desAVOIRS,N√©gatif,['58'],[]
37,"Les prix ne.sont jamais afficher, il y a peu de stock,.j en parlais avec un con√ßurent m√™me ressenti. Pas de livraison. Quant √† la viande,achat de blanquette , c √©tait du tendon de veau de mauvaise qualit√©.. tr√®s d√©cevant",N√©gatif,"['59', '60', '61', '62']",[]
38,Rien ou peu n'est fait pour les petites structures,N√©gatif,['63'],[]
39,On trouve pas le m√™me produit r√©guli√®rement - c est un vrai probl√®me,N√©gatif,['64'],[]
40,J'ach√®te principalement les alcools et je m'y retrouve au niveau rapport qualit√© prix,Positif,['65'],[]
41,"Je suis 100% pour m√©tro avec livraison semaine
 Trop de manquant 
 Produit impossible √† l‚Äôachat √† l unit√© 
 Et trop de web 
 Pas pris en pour nos commande par semaine",N√©gatif,"['66', '67', '68', '69', '70']",[]
42,"J‚Äôach√®te parfois les produits avec la s√©lection promo restauration et une fois pass√© √† la caisse, je m‚Äôaper√ßois que les tarifs indiqu√©s sur le catalogue ne sont pas respect√©s pas √† chaque fois mais √ßa arrive au moins une fois √† chaque facturation. Ce n‚Äôest pas tr√®s bien encore la semaine derni√®re, le Fanta 50 cl n‚Äôest pas pass√© au prix indiqu√© dans le catalogue.!",N√©gatif,['71'],[]
43,"Le probl√®me r√©current chez M√©tro, c'est que quand un produit est en rupture, cela peut durer tr√®s longtemps, et cela concerne tr√®s souvent des produits √† longue conservation. C'est dommage pour le chiffre d'affaire de M√©tro, qui perd ainsi des ventes.",N√©gatif,['72'],[]
44,Boissons sont trop chers les boites de conserve sont trop cher la viande c‚Äôest excessif Fruits secs prix excessif,N√©gatif,['73'],[]
45,"Grande d√©ception sur les livraisons et commande sur le net, ce qui vous a fait perdre des commandes",N√©gatif,['74'],[]
46,Tr√®s satisfait,Positif,[],[]
47,Il faudrait arr√™ter les ruptures de stocks surtout si √ßa dure longtemps.Moins d‚Äôattente en caisse .,N√©gatif,"['75', '76']",[]
48,"disparition de produits haut de gamme exemple saumon fum√© sauvage, vieux portos 10 ans ou 20 ans d'age",N√©gatif,['77'],[]
49,Sav lent,N√©gatif,['78'],[]
50,Ouvrir √† l heure le matin et pourquoi pas proposer une ouverture √† 6h sur la haute saison.,N√©gatif,['79'],[]
51,halle de portet 31 des palettes et tire palettes dans tous les rayons des ruptures permanente sur les produits alors que les memes produits sont dispo a sesquiere des prix pas affich√© bref un bordel,N√©gatif,"['80', '81', '82']",[]
52,Augmentation croissante sans frein. J'ai perdu beaucoup de client qui me laisse √† penser si je dois fermer boutique...,N√©gatif,['83'],[]
53,A revoir les prix,N√©gatif,['84'],[]
54,remettez la gamme complete sur metro pour livraison,N√©gatif,['85'],[]
55,Penser plus aux petits commer√ßants,N√©gatif,['86'],[]
56,je viens chez metro pour acheter certains produits qui me manquent mais je dois quand meme faire 90 kms aller retour et c'est beaucoup !,N√©gatif,['87'],[]
57,"Pas de stock de frites,jamais je n'ai pu avoir la quantit√© voulus, oblig√© de me ravitailler en super march√© √©galement pour les pommes de terre sous vide,rarement eu les pommes",N√©gatif,['88'],[]
58,Je suis livre par la rochelle et c est un vrai bordel c est pour cela que j arrete de travailler avec metro,N√©gatif,['89'],[]
59,"Dans notre magasin M√©tro , c'est de plus en plus le bazar les rayons sont vides et encombr√©s de palettes pas vid√©es m√™me √† 11h du matin, il manque toujours des produits probl√®me d'approvisionnement, sinon le personnel est toujours √† l'√©coute de nos demandes. Par contre le gros soucis c'est d'avoir les chefs de rayons au t√©l√©phone pour les commandes !!!",N√©gatif,"['90', '91', '92']",[]
60,Il serait int√©ressant de d√©velopper la gamme bio chez metro,Positif,['93'],[]
61,L‚Äôassortiment en entrep√¥t se r√©duit et en livraison il est devenu totalement inadapt√© √† notre activit√©. Continuez comme √ßa et nous n‚Äôirons plus du tout chez M√©tro. Nous cherchons d‚Äôautres alternatives √† court terme.,N√©gatif,"['94', '95']",[]
62,"Je pense que vous faites assez, malheureusement il y aura toujours des personnes qui voudront vous arracher un bras, moi je vous dit merci beaucoup et je viens chez vous pour votre bonne volont√©, Bonn humeur, gentillesse et courtoisie. Merci",Positif,['96'],[]
63,Plus d'huile d'olive manque de ref,N√©gatif,['97'],[]
64,Reprendre ticket restaurant,Neutre,[],[]
65,"Sur une promo ou √† partir de 4 unit√© le tarif baisse et que cela ne passe pas en caisse , m√™me en n'allant prendre la photo de l'affichage que j'ai conserv√© la caisse centrale fait tra√Æner en longueur l'attente jusqu'√† ce que vous d√©cidiez de partir car je n'ai pas toute ma journ√©e √† passer chez vous... cela se nomme de l'escroquerie .",N√©gatif,['98'],[]
66,J'aimerais que les promotions soit valable √† la livraison car je vais tr√®s rarement √† m√©tro.,N√©gatif,['99'],[]
67,PLUS DE PROMO POUR LES CHAMPAGNE PREMIER PRIX PAR 200 BOUTEILLES OU PLUS,Positif,['100'],[]
68,"Des efforts √† faire sur les prix en fruits & l√©gumes.
 Faire plus de promotions sur la mar√©e et la boucherie
 Am√©liorer la visibilit√© sur les prix en rayons",N√©gatif,"['101', '102', '103']",[]
69,"Gestion de mon entrep√¥t d√©sastreuse. R√©guli√®rement des erreurs sur les palettes, pr√©pa injoignable. Je fini par aller me fournir ailleurs car c'est plus fiable",N√©gatif,"['104', '105', '106']",[]
70,je suis exclusif metro je n ai aucun representant j achetais jusqu a present tout metro par facilite mais je suis tres souvent d√©cue par la reponse ha non on n en a pas cela arrive demain je pense que depuis le covid tout le monde ou presque s en fou!!!,N√©gatif,"['107', '108']",[]
71,Malheureusement depuis quelques mois il y a des ruptures sur certains produits.,N√©gatif,['109'],[]
72,Nous allons stopper les commandes en livraison car probleme de reprise de consigne,N√©gatif,['110'],[]
73,Je vois les prix que sur les catalogues promo que je re√ßois de m√©tro et j'ai vraiment l'impression que les prix sont tr√®s tr√®s cher par rapport aux grandes surfaces,N√©gatif,['111'],[]
74,"Trop de produits en rupture, reste beaucoup trop longtemps absent des Rayon, principalement dans le non alimentaire",N√©gatif,['112'],[]
75,Souvent les prix ne sont pas assez bien affich√©s. Et surtout √©norme perte de temps avant d avoir un conseiller ou un vendeur,N√©gatif,"['113', '114']",[]
76,J‚Äôaime allez chez M√©tro üòÉ,Positif,[],[]
77,Un gros probl√®me de stock sur des produits r√©currents. C'est vraiment p√©nalisant...,N√©gatif,['115'],[]
78,R A S,Neutre,[],[]
79,Avoir une regularit√© des produits disponible en rayon qu'ils aient une dlc ou pas ! une visibilite en entrepot sur les promotions ou queluq'un qui n'a pas besoin de 10mn pour vous dire quelle est la promo. Bref savoir tenir un magasin.,N√©gatif,"['116', '117', '118']",[]
80,"Bonjour 
 Je me sers √† l‚Äôentrep√¥t de valence 
 J‚Äôai constat√© ces derniers mois des GROS soucis d‚Äôapprovisionnement 
 Cela m‚Äôinqui√®te, j‚Äôai du coup pris des pr√©cautions en allant chercher ailleurs car m√©tro n‚Äôarrive plus √† approvisionner correctement les rayons",N√©gatif,"['119', '120']",[]
81,√âtant un petit commerce je n‚Äôai pas beaucoup de place pour faire du stock donc je ne peux b√©n√©ficier du ¬´ acheter + payer -¬ª,N√©gatif,['121'],[]
82,"moi qui dois faire 2heures de route pour venir a Metro je trouve que le click an collect est pas bien fait 5pas assez de produits,des produits qui ne sont pas fourni par metro,des frais de preparation devraient etre rabaisser a un minimum plus bas etc etc",N√©gatif,"['122', '123']",[]
83,"J'ai trop de probl√®mes de rupture de produit sur le d√©p√¥t de Gerland, cela pose un gros probl√®me. Est-il possible d'√™tre rattach√© au d√©p√¥t de Limonest ?",N√©gatif,"['124', '125']",[]
84,J'ai achet√© un lave verre √† 1450euros et il est en promotion une semaine apr√®s. Le vendeur n'a pas voulu faire un geste commercial. Il y avait une diff√©rence de 200 euros. Je trouve √ßa inacceptable qu'une grande enseigne soit ainsi. En effet j'avais d√©j√† demand√© s'il √©tait en promotion plus tard. De plus ce n'est pas la 1er fois que √ßa m'arrive. La fois d'avant on m'a fait un geste sur la garantie offert.,N√©gatif,['126'],[]
85,JE NE COMMANDE PLUS CHEZ METRO CAR LIVRAISON TROP COMPLIQUER AVEC MANQUE DE PRODUIT SUR LE SITE,N√©gatif,['127'],[]
86,Personnel des fruits et l√©gumes tr√®s d√©sagr√©able. Le monsieur refuse cat√©goriquement de nous donner des fruits command√©s sous pr√©texte qu'il 'a pas eu le temps de ranger sa livraison alors m√™me que les produits sont pr√™t √† prendre.,N√©gatif,['128'],[]
87,Des ruptures permanentes.... c'est p√©nible. On doit venir plusieurs fois pour avoir ses produits....,N√©gatif,['129'],[]
88,Trop longue distance pour venir vous voir ! Dommage,N√©gatif,['130'],[]
89,"Ce n'est pas pour les prix que je vais chez Metro, c'est pour la diversit√© des produits me convenant dans un m√™me magasin. Cependant l'offre s'est consid√©rablement r√©duite et on constate beaucoup de manquants ce qui est regrettable car m'oblige √† aller chez d'autres fournisseurs",N√©gatif,"['131', '132']",[]
90,Produits moins chers ou au m√™me prix chez les concurrents et en plus j'ai la livraison offerte,N√©gatif,['133'],[]
91,Fixer les pris toute l'ann√©e tout le monde gagne,Positif,['134'],[]
92,"que les prix soient affich√©s correctement dans la magasin 
 que l'on ne soit pas oblig√© de demander √† un vendeur
 ou bien que le prix affich√© en rayon soit bien celui qui sera affich√© en caisse !",N√©gatif,['135'],[]
93,"je ne me permettrais pas > mais je regarde beaucoup les prix 
 juste une chose pas assez d'offres sp√©ciale sur un produit bien plac√© et que le client prend souvent 
 > tel cat√©gorie salade scarole semaine 28 EX sera a tel prix
  ou semaine 29 
 se sera un poisson EX saumon tel prix 
 ou semaine 30 EX se sera sur un vin 
 chang√© chaque semaine sur un produit > qui dure juste 1 journ√©e > celle qui est plus forte .
 merci de votre √©coute",N√©gatif,['136'],[]
94,Je souhaiterais pouvoir utiliser mes packs de cong√©lation propos√©s dans les armoires √† l'entr√©e du magasin : machine en panne depuis plusieurs semaines et je fais environ 50 km chaque semaine(aller) pour me rendre dans votre magasin !,N√©gatif,"['137', '138']",[]
95,"Plus de compr√©hension client , moin de rigueur informatique concernant les clients qui on eu des difficult√©s",N√©gatif,['139'],[]
96,"Outre le fait que les produits soient chers‚Ä¶
 Je me fais livrer mes commandes ..
 Il n y aucun service !! Commande √Ä pour C ‚Ä¶ et il y a r√©guli√®rement des ruptures ‚Ä¶. Quand on nous pr√©vient d une rupture , on le sait la veille dans l apr√®s midi ‚Ä¶ donc impossible de se retourner !!! De plus certains produits ne sont plus commandables..",N√©gatif,"['140', '141', '142']",[]
97,"Le syst√®me de livraison changer √† √©t√© changer par une personne qui n'a jamais d√ª travailler une seconde en restauration et ne comprend en rien les restaurants, juste le profit . Gros gros gros soucis d'approvisionnement de produit sur la rochelle en d√©triment de Bordeaux au autres de r√©gion sur la distribution de vos plate-forme de stockage .",N√©gatif,"['143', '144']",[]
98,Perso j‚Äôai une pizzeria et quand on voit les sui augmente d‚Äôune semaine √† l autre nous on peut pas augmenter nos prix toute les semaines,N√©gatif,['145'],[]
99,"Ce que m'attire de faire mes courses en service traiteur chez M√©tro, d'abord la disponibilit√© de ses conseillers, l'organisation du rayon, l'√©coute de ses personnels",Positif,"['146', '147']",[]
